Open,Close,High,Low,Volume,Date
97.45,98.15,98.15,97.4,,01/02/26
0,96.9,0,0,,12/31/25
96.65,96.75,96.75,96.3,,12/30/25
94.4,96.25,96.25,94.2,,12/29/25
0,95.2,0,0,,12/26/25
0,95.2,0,0,,12/24/25
96.65,96.45,96.65,96.35,,12/23/25
0,96.4,0,0,,12/22/25
96.9,96.9,96.9,96.9,,12/19/25
97.5,97.5,97.5,97.5,,12/18/25
95.9,96.5,96.5,95.9,,12/17/25
0,95.65,0,0,,12/16/25
96.5,95.75,96.5,95.75,,12/15/25
97.3,97.3,97.3,97.3,,12/12/25
96.5,96.5,96.5,96.4,,12/11/25
0,96.25,0,0,,12/10/25
97.4,97.4,97.4,97.4,,12/09/25
97.65,97,97.7,97,,12/08/25
97.25,97.25,97.25,97.25,,12/05/25
97.9,97,97.9,97,,12/04/25
100.75,98.8,100.75,98,,12/03/25
96.45,99.4,99.55,96.45,,12/02/25
97.5,97.55,97.7,97.35,,12/01/25
0,98.65,0,0,,11/28/25
96.4,96.4,96.4,96.4,,11/27/25
96,96,96,96,,11/26/25
0,96,0,0,,11/25/25
96.3,96.3,96.3,96.3,,11/24/25
0,95.3,0,0,,11/21/25
0,96.1,0,0,,11/20/25
95.9,96.25,96.25,95.9,,11/19/25
96.45,96.45,96.45,96.45,,11/18/25
0,96.45,0,0,,11/17/25
96,96.45,96.45,95.75,,11/14/25
96.2,95.5,96.2,95.5,,11/13/25
95.65,95.65,95.65,95.65,,11/12/25
96.25,95.9,96.25,95.5,,11/11/25
96.5,96.25,96.5,96.25,,11/10/25
96.75,96.75,96.75,96.75,,11/07/25
96.5,97.1,97.1,96.5,,11/06/25
97.5,97,97.5,97,,11/05/25
97.35,97.3,97.75,97.1,,11/04/25
98,96.8,98,95.7,,11/03/25
92.9,92.9,92.9,92.9,,10/31/25
93,93,93,93,,10/30/25
0,92.9,0,0,,10/29/25
0,92.7,0,0,,10/28/25
92.5,92.5,92.5,92.5,,10/27/25
0,92.15,0,0,,10/24/25
92.6,92.6,92.6,92.6,,10/23/25
0,91.8,0,0,,10/22/25
0,92.05,0,0,,10/21/25
92.75,92.75,92.75,92.75,,10/20/25
93.5,93.2,93.5,93.2,,10/17/25
92.7,93,93,92.5,,10/16/25
89.3,91.5,91.5,89.3,,10/15/25
88.75,89,89,88.75,,10/14/25
89.15,89.3,89.3,89.15,,10/13/25
0,89.65,0,0,,10/10/25
90.75,90.5,90.75,90.5,,10/09/25
90.5,90.6,90.7,90.5,,10/08/25
91.75,91.25,91.75,90.8,,10/07/25
91.75,91.5,91.8,91.2,,10/06/25
91.9,91.7,92.25,91.7,,10/03/25
92.75,92,92.75,92,,10/02/25
93.5,92.8,93.5,92.6,,10/01/25
93.5,93.7,94.25,93.5,,09/30/25
93.75,93.85,93.85,93.5,,09/29/25
92.9,92.95,92.95,92.9,,09/26/25
92.7,92.7,92.7,92.7,,09/25/25
0,93.1,0,0,,09/24/25
92.9,92.9,92.9,92.9,,09/23/25
92.7,92.7,92.7,92.7,,09/22/25
0,92.65,0,0,,09/19/25
94.5,94,94.5,94,,09/18/25
93.5,93.5,93.5,93.5,,09/17/25
93.5,93.35,93.5,93.15,,09/16/25
0,92.85,0,0,,09/15/25
92.75,93,93.25,92.75,,09/12/25
92.3,93,93,92.3,,09/11/25
94,93,94,93,,09/10/25
94,94,94,93.75,,09/09/25
94.75,94.5,94.75,94.1,,09/08/25
95.2,94.8,95.4,94.8,,09/05/25
96,95.55,96.15,95.5,,09/04/25
96.5,96.3,96.8,96.3,,09/03/25
96.25,96.65,96.65,96.25,,09/02/25
97.9,96.4,97.9,96.4,,09/01/25
0,96.2,0,0,,08/29/25
99.6,99.6,99.65,99.6,,08/28/25
99.85,99.75,99.85,99.75,,08/27/25
100.4,100.4,100.4,100.4,,08/26/25
0,100.4,0,0,,08/25/25
100.4,99.85,100.4,99.5,,08/22/25
100.3,100.7,100.7,100.3,,08/21/25
0,101,0,0,,08/20/25
100,100.25,100.25,100,,08/19/25
99.4,99.4,99.4,99.4,,08/18/25
0,99.4,0,0,,08/15/25
0,99.8,0,0,,08/14/25
0,100.3,0,0,,08/13/25
100.25,100.25,100.25,100.25,,08/12/25
101.4,101,101.4,101,,08/11/25
101.25,101.25,101.25,101.25,,08/08/25
0,101.4,0,0,,08/07/25
102.5,102,102.5,102,,08/06/25
101.7,102.25,102.25,101.7,,08/05/25
103.2,103.2,103.2,103.2,,08/04/25
103.85,103,104.25,103,,08/01/25
104.2,103.9,104.2,103.9,,07/31/25
104.4,104.5,104.95,104,,07/30/25
103.25,104.8,104.8,103.25,,07/29/25
101.15,102.75,102.85,101.15,,07/28/25
104.45,104.5,104.5,104.45,,07/25/25
104.5,104.5,104.5,104.5,,07/24/25
0,104.35,0,0,,07/23/25
104.75,104.75,104.75,104.75,,07/22/25
0,104.2,0,0,,07/21/25
104.5,104.5,104.5,104.5,,07/18/25
105,105,105,105,,07/17/25
0,105.15,0,0,,07/16/25
104.25,104.5,104.5,104.25,,07/15/25
106.6,106.5,106.6,106.5,,07/14/25
108.75,108.75,108.75,108.75,,07/11/25
110,108.6,110,108.6,,07/10/25
109,108,109,107.95,,07/09/25
106.25,106.65,106.65,106.25,,07/08/25
106.75,106,106.75,106,,07/07/25
105.85,106,106,105.85,,07/04/25
109.8,108.45,109.8,108.45,,07/03/25
110,109.2,110,108.25,,07/02/25
103.8,103.8,103.8,103.8,,07/01/25
107,107.65,107.65,105.85,,06/30/25
0,106.4,0,0,,06/27/25
103.9,103.9,103.9,103.9,,06/26/25
0,103.2,0,0,,06/25/25
103.45,103.45,103.45,103.45,,06/24/25
0,104.45,0,0,,06/23/25
0,103.75,0,0,,06/20/25
0,103.5,0,0,,06/19/25
104.2,103.85,104.2,103.85,,06/18/25
103.75,104.2,104.2,103.75,,06/17/25
103.1,103.1,103.1,103.1,,06/16/25
103.5,103.6,103.6,103.5,,06/13/25
102.5,102.75,102.75,102.3,,06/12/25
102.7,102.7,102.7,102.7,,06/11/25
103.5,101.9,103.5,101.9,,06/10/25
102.95,103.5,103.7,102.75,,06/09/25
101,101.8,102.4,101,,06/06/25
100,100.65,100.65,100,,06/05/25
97.3,98.9,98.9,97.3,,06/04/25
97.1,97.3,97.5,96.75,,06/03/25
96.4,96.75,97.2,96.4,,06/02/25
0,94.55,0,0,,05/30/25
0,95.7,0,0,,05/29/25
94.3,94.3,94.3,94.3,,05/28/25
95.05,94,95.05,94,,05/27/25
0,97.8,0,0,,05/26/25
0,96.25,0,0,,05/23/25
0,96.45,0,0,,05/22/25
0,96.05,0,0,,05/21/25
96,96,96,96,,05/20/25
0,95.25,0,0,,05/19/25
0,94.9,0,0,,05/16/25
94.75,94.75,94.75,94.75,,05/15/25
95.5,95,95.5,95,,05/14/25
0,96.1,0,0,,05/13/25
97.05,97.75,97.75,97.05,,05/12/25
0,96.05,0,0,,05/09/25
95.7,96.75,96.75,95.65,,05/08/25
96.5,99.45,99.5,96.5,,05/07/25
96.75,97,97,96.75,,05/06/25
0,94.75,0,0,,05/05/25
0,94.6,0,0,,05/02/25
0,94.1,0,0,,05/01/25
93.25,93.25,93.25,93.25,,04/30/25
91.35,92.8,93,91.35,,04/29/25
90.9,92.4,92.4,90.9,,04/28/25
0,92.65,0,0,,04/25/25
0,102.25,0,0,,04/24/25
103.5,103.5,103.5,103.5,,04/23/25
0,102.35,0,0,,04/22/25
0,102.55,0,0,,04/21/25
103.5,103.5,103.5,103.5,,04/17/25
104.5,103.5,104.7,103.5,,04/16/25
104.5,104.5,104.5,104,,04/15/25
103.75,103.75,103.75,103.75,,04/14/25
103,103,103,103,,04/11/25
102.75,102.75,102.75,102.75,,04/10/25
101.5,101.5,102.5,101.5,,04/09/25
102.5,102.7,102.7,102.5,,04/08/25
101,102,103,101,,04/07/25
99.3,99.7,100.05,99.3,,04/04/25
0,101.25,0,0,,04/03/25
105,104.25,105,104.25,,04/02/25
105,106.2,106.2,104.5,,04/01/25
104,104.45,104.45,103.15,,03/31/25
0,101.3,0,0,,03/28/25
98,98,98,98,,03/27/25
0,97.6,0,0,,03/26/25
0,97.05,0,0,,03/25/25
0,97.6,0,0,,03/24/25
98.25,98.25,98.25,98.25,,03/21/25
0,97.75,0,0,,03/20/25
0,97.75,0,0,,03/19/25
0,96.75,0,0,,03/18/25
0,97.1,0,0,,03/17/25
97.5,97.5,97.5,97.5,,03/14/25
100,98.5,100,98.5,,03/13/25
0,97.95,0,0,,03/12/25
99.25,99.1,99.25,98.5,,03/11/25
99.5,99.5,100,99.5,,03/10/25
97.5,100.45,100.45,97.5,,03/07/25
96.8,96.7,96.8,96.7,,03/06/25
97.75,96.5,97.75,96.5,,03/05/25
96.45,96.25,97.25,96.25,,03/04/25
93.2,96.25,96.25,93.2,,03/03/25
0,93.05,0,0,,02/28/25
0,99.75,0,0,,02/27/25
0,99.9,0,0,,02/26/25
0,99.75,0,0,,02/25/25
0,100.1,0,0,,02/24/25
0,99.75,0,0,,02/21/25
0,100.4,0,0,,02/20/25
101.9,101.9,101.9,101.9,,02/19/25
99,99,99,99,,02/18/25
0,99.5,0,0,,02/17/25
100,100.15,100.15,100,,02/14/25
0,102.15,0,0,,02/13/25
0,103.1,0,0,,02/12/25
0,102.9,0,0,,02/11/25
105.5,105.5,105.5,105.5,,02/10/25
105,104.75,105,104.75,,02/07/25
105,106.25,106.5,105,,02/06/25
104.75,105.5,105.95,104.5,,02/05/25
107.8,105.55,107.8,105.4,,02/04/25
110.75,109.05,110.75,109.05,,02/03/25
0,110.5,0,0,,01/31/25
110.3,110.1,110.3,110.1,,01/30/25
110.75,110.75,110.75,110.75,,01/29/25
110.25,110.25,110.25,110.25,,01/28/25
0,109.1,0,0,,01/27/25
0,108.65,0,0,,01/24/25
109.5,109.5,109.5,109.5,,01/23/25
110.75,108.5,111.25,108.5,,01/22/25
0,112.2,0,0,,01/21/25
0,110.7,0,0,,01/20/25
109,109,109,109,,01/17/25
107,108,108,107,,01/16/25
105,106.95,106.95,105,,01/15/25
108.85,108.85,108.85,108.85,,01/14/25
107.25,107.25,107.25,107.25,,01/13/25
103.3,104,104,103.3,,01/10/25
107,105.75,107,104.25,,01/09/25
109,108,109.05,108,,01/08/25
109.05,109.8,110,109,,01/07/25
111,111.2,111.2,110.45,,01/06/25
114,113.3,114,113.3,,01/03/25
114,114.2,115.5,114,,01/02/25
114,114,114.5,114,,12/31/24
112.65,112.25,112.95,112.1,,12/30/24
0,112.95,0,0,,12/27/24
0,112,0,0,,12/24/24
0,112.3,0,0,,12/23/24
0,111.85,0,0,,12/20/24
111.5,111.5,111.5,111.5,,12/19/24
111.5,111.5,111.5,111.5,,12/18/24
111.75,112,112,111.75,,12/17/24
0,111.3,0,0,,12/16/24
0,112.75,0,0,,12/13/24
113.5,113.25,113.5,113.25,,12/12/24
113.75,113.75,113.75,113.75,,12/11/24
114,112.75,114,112.75,,12/10/24
113.75,113.75,113.75,113.75,,12/09/24
113.75,113.75,113.75,113.75,,12/06/24
115.25,114.5,115.25,114.5,,12/05/24
0,115.2,0,0,,12/04/24
117.25,116.25,117.25,116.25,,12/03/24
120.9,118.15,120.9,117.95,,12/02/24
0,118.85,0,0,,11/29/24
0,121.6,0,0,,11/28/24
0,121.35,0,0,,11/27/24
122,121.85,122,121.85,,11/26/24
122.5,122.5,122.5,122.5,,11/25/24
0,122.35,0,0,,11/22/24
0,122.6,0,0,,11/21/24
123,123,123,123,,11/20/24
0,122.4,0,0,,11/19/24
122.5,122.5,122.5,122.5,,11/18/24
122.25,122,122.25,122,,11/15/24
121.5,121.5,121.5,121.5,,11/14/24
0,120.45,0,0,,11/13/24
120.4,120.75,120.75,120.3,,11/12/24
120.5,120.5,120.5,120.5,,11/11/24
119.5,119.75,119.75,119.5,,11/08/24
118.5,118.5,118.5,118.5,,11/07/24
0,117.2,0,0,,11/06/24
119.5,118.8,119.5,118.8,,11/05/24
119.3,119.25,119.3,119.25,,11/04/24
120,118.7,120,118.7,,11/01/24
120.05,118.25,120.05,118.25,,10/31/24
120.65,120.8,120.8,120,,10/30/24
119.75,121.35,122,119.75,,10/29/24
119.5,120,120.05,118.55,,10/28/24
0,121.65,0,0,,10/25/24
119.25,119,119.25,119,,10/24/24
119.25,119.25,119.25,119.25,,10/23/24
119.5,118.5,119.5,118.5,,10/22/24
121.5,118,122.75,118,,10/21/24
118.75,118.75,118.75,118.75,,10/18/24
118.5,118.5,118.5,118.5,,10/17/24
119,119,119,119,,10/16/24
119.5,119.5,119.5,119.5,,10/15/24
120,120,120,120,,10/14/24
120.25,120.25,120.5,120.25,,10/11/24
119,119.5,119.5,119,,10/10/24
119.35,119.05,119.35,119.05,,10/09/24
120.5,120,120.5,120,,10/08/24
121.25,121.25,121.25,121.25,,10/07/24
118.75,121.5,121.5,118.75,,10/04/24
115.9,115.75,115.9,115.75,,10/03/24
116.55,116,116.75,116,,10/02/24
118.05,117.7,118.05,115.8,,10/01/24
120.25,119,120.25,119,,09/30/24
0,118.25,0,0,,09/27/24
0,114.95,0,0,,09/26/24
0,114.95,0,0,,09/25/24
0,114.8,0,0,,09/24/24
115,115,115,115,,09/23/24
0,114.35,0,0,,09/20/24
114.75,114.75,114.75,114.75,,09/19/24
114,114,114,114,,09/18/24
0,114.65,0,0,,09/17/24
0,112.65,0,0,,09/16/24
113.4,114,114,113.4,,09/13/24
112.25,112.25,112.25,112.25,,09/12/24
0,113.45,0,0,,09/11/24
114.3,114.3,114.3,114.3,,09/10/24
114.75,114.5,114.75,114.5,,09/09/24
115.5,115.5,115.5,115.5,,09/06/24
113.9,113.65,113.9,113.65,,09/05/24
116,114.25,116,114.25,,09/04/24
119,116,119,116,,09/03/24
119.75,118.75,119.75,118.75,,09/02/24
0,120.5,0,0,,08/30/24
121.3,121.3,121.3,121.3,,08/29/24
121.5,121.5,121.5,121.5,,08/28/24
0,121,0,0,,08/27/24
0,120.4,0,0,,08/26/24
0,120.5,0,0,,08/23/24
121.1,120.5,121.1,120.5,,08/22/24
0,120.5,0,0,,08/21/24
122.1,122.1,122.1,122.1,,08/20/24
0,122.5,0,0,,08/19/24
0,120.65,0,0,,08/16/24
0,122.25,0,0,,08/15/24
122.85,122.85,122.85,122.85,,08/14/24
0,121.75,0,0,,08/13/24
123.55,124,124,123.55,,08/12/24
123.05,124,124,123.05,,08/09/24
121.45,121.5,121.55,121.45,,08/08/24
0,121.1,0,0,,08/07/24
0,120.8,0,0,,08/06/24
119.2,119.3,119.3,119.2,,08/05/24
120.75,121.95,121.95,120.75,,08/02/24
118.95,120.65,120.75,118.95,,08/01/24
116.6,116.5,116.75,116.5,,07/31/24
116,116.8,116.8,115.2,,07/30/24
115.45,115.3,115.6,115.2,,07/29/24
0,114.05,0,0,,07/26/24
0,106.25,0,0,,07/25/24
106.7,106.7,106.7,106.7,,07/24/24
105.5,105.5,105.5,105.5,,07/23/24
0,105,0,0,,07/22/24
0,105.2,0,0,,07/19/24
104.4,104.4,104.4,104.4,,07/18/24
106.5,105,106.5,105,,07/17/24
106,108,108,106,,07/16/24
105,105,105,105,,07/15/24
0,104.3,0,0,,07/12/24
102.3,102.3,102.3,102.3,,07/11/24
102.75,102,103,102,,07/10/24
102.75,102.95,102.95,102.7,,07/09/24
105,105,105,105,,07/08/24
0,105,0,0,,07/05/24
104.45,105,105,104.45,,07/04/24
103.75,103.75,103.75,103.75,,07/03/24
102.95,102.7,102.95,102.6,,07/02/24
104.6,103.2,104.6,103,,07/01/24
0,104.1,0,0,,06/28/24
109.7,109.7,109.7,109.7,,06/27/24
0,108.6,0,0,,06/26/24
0,108.9,0,0,,06/25/24
0,108.4,0,0,,06/24/24
109.75,109.75,109.75,109.75,,06/21/24
0,110.75,0,0,,06/20/24
110,110.75,110.75,110,,06/19/24
0,109.25,0,0,,06/18/24
109,109,109,109,,06/17/24
0,109.6,0,0,,06/14/24
111,111,111,111,,06/13/24
108.95,110.95,110.95,108.95,,06/12/24
109,109,109,109,,06/11/24
108,106.5,109.25,106.5,,06/10/24
108,108,108,108,,06/07/24
110.5,108.15,111.05,108.15,,06/06/24
0,112.1,0,0,,06/05/24
118,116.65,118,116.3,,06/04/24
119,119,121.6,119,,06/03/24
0,118.4,0,0,,05/31/24
0,105.55,0,0,,05/30/24
0,105.25,0,0,,05/29/24
0,104.85,0,0,,05/28/24
0,104.05,0,0,,05/27/24
0,105.1,0,0,,05/24/24
0,105.2,0,0,,05/23/24
105.5,103.65,105.5,103.65,,05/22/24
107.25,106.75,107.25,106.75,,05/21/24
106.75,106.75,106.75,106.75,,05/20/24
106.5,105,106.5,105,,05/17/24
104.5,106.5,106.5,104.5,,05/16/24
105,104,105,104,,05/15/24
105,105,105,105,,05/14/24
105.55,105.5,105.55,105.5,,05/13/24
108.05,107,108.05,107,,05/10/24
107,107.5,107.5,107,,05/09/24
107.5,106,107.5,106,,05/08/24
109,110,110,109,,05/07/24
109,109,109,109,,05/06/24
108,107.9,108,107.9,,05/03/24
106,108,108,106,,05/02/24
0,107.1,0,0,,05/01/24
102.35,103,103,102.35,,04/30/24
108.95,101.7,108.95,101,,04/29/24
117.5,117.5,117.5,117.5,,04/26/24
118.25,118.5,118.5,118.25,,04/25/24
0,118.2,0,0,,04/24/24
0,118.9,0,0,,04/23/24
0,118.65,0,0,,04/22/24
0,120,0,0,,04/19/24
119.1,120,120,119.1,,04/18/24
120,120,120,120,,04/17/24
121.5,121.5,121.5,121.5,,04/16/24
121,121.3,121.3,121,,04/15/24
0,121.3,0,0,,04/12/24
119.5,121,121,119.5,,04/11/24
118,118.3,118.3,118,,04/10/24
118.75,118,118.75,118,,04/09/24
118,118,118,118,,04/08/24
117,118,118.5,117,,04/05/24
116.5,115.75,116.5,115.75,,04/04/24
119.55,118.25,121.5,118.25,,04/03/24
119,120.75,121.6,119,,04/02/24
0,119.55,0,0,,04/01/24
0,119.55,0,0,,03/28/24
0,113.95,0,0,,03/27/24
0,113.6,0,0,,03/26/24
0,113.75,0,0,,03/25/24
113.25,113.25,113.25,113.25,,03/22/24
113,113,113,113,,03/21/24
0,111.75,0,0,,03/20/24
112.85,112.75,112.85,111.75,,03/19/24
0,112.15,0,0,,03/18/24
115.5,115.5,115.5,115.5,,03/15/24
109.5,112.9,112.9,109.5,,03/14/24
0,109.8,0,0,,03/13/24
0,109.4,0,0,,03/12/24
0,108.65,0,0,,03/11/24
0,111,0,0,,03/08/24
111.7,113,113,111.7,,03/07/24
112.35,113.25,115.5,112.35,,03/06/24
112.85,112,112.85,111.95,,03/05/24
111.25,111.25,111.25,111.25,,03/04/24
107,107,107,107,,03/01/24
104.25,101,104.3,101,,02/29/24
103,104,105.7,103,,02/28/24
98.7,100.5,100.5,98,,02/27/24
97,99.3,99.3,95.95,,02/26/24
0,93.4,0,0,,02/23/24
95,95.75,95.75,95,,02/22/24
0,95.25,0,0,,02/21/24
0,94.55,0,0,,02/20/24
0,94.4,0,0,,02/19/24
0,94.5,0,0,,02/16/24
0,94.45,0,0,,02/15/24
93.5,93.5,93.5,93.5,,02/14/24
94.5,94.25,94.5,94.25,,02/13/24
94.25,94.25,94.25,94.25,,02/12/24
95.9,95.9,95.9,95.9,,02/09/24
98.2,97.9,98.2,97.9,,02/08/24
99.25,97.5,99.25,97.5,,02/07/24
97.75,97.75,97.75,97.75,,02/06/24
98,99,99,98,,02/05/24
98.2,98.7,98.7,98.2,,02/02/24
98.9,97.8,98.9,97.8,,02/01/24
97.2,99.75,99.75,97.2,,01/31/24
94.2,95.7,95.7,94.2,,01/30/24
95,94.75,95.5,94.7,,01/29/24
105.75,105.75,105.75,105.75,,01/26/24
0,105.6,0,0,,01/25/24
0,105.8,0,0,,01/24/24
0,105.5,0,0,,01/23/24
104.75,105.5,105.5,104.75,,01/22/24
104,106,106,104,,01/19/24
107.1,107.1,107.1,107.1,,01/18/24
107,107,107.15,107,,01/17/24
107.85,107.4,108,107.4,,01/16/24
107.25,107.25,107.25,107.25,,01/15/24
108.5,108.5,108.5,108.5,,01/12/24
108,106.5,108,106.5,,01/11/24
109,109,109,109,,01/10/24
111.65,111.25,111.65,111,,01/09/24
112.55,112.75,113.75,112.55,,01/08/24
113.65,116,116.5,112.65,,01/05/24
109.75,112,112,109.75,,01/04/24
106,109,109,106,,01/03/24
107.5,105.5,107.5,104.75,,01/02/24
0,108.3,0,0,,12/29/23
0,117.25,0,0,,12/28/23
118.95,118,118.95,118,,12/27/23
0,113.5,0,0,,12/26/23
117,117,117,117,,12/22/23
0,115.75,0,0,,12/21/23
116,116,116,116,,12/20/23
0,115.9,0,0,,12/19/23
0,117.2,0,0,,12/18/23
0,117,0,0,,12/15/23
118.9,118.9,118.9,118.9,,12/14/23
117.25,117.75,117.75,117.25,,12/13/23
0,117.8,0,0,,12/12/23
120.5,122,122,120.5,,12/11/23
123,123,126,122.6,,12/08/23
122,121.85,122,121.85,,12/07/23
120.5,120,122,120,,12/06/23
118.5,118.15,118.5,118.1,,12/05/23
119,119,119,118.6,,12/04/23
120,119.75,120,119,,12/01/23
116.5,116.5,116.5,116.5,,11/30/23
114.25,115,115,114.25,,11/29/23
115.5,114.5,115.6,114.05,,11/28/23
118.1,116.85,118.1,116.85,,11/27/23
0,119.9,0,0,,11/24/23
123.3,123.3,123.3,123.3,,11/23/23
122.5,122.5,122.5,122.5,,11/22/23
0,122.4,0,0,,11/21/23
121.5,121.5,121.5,121.5,,11/20/23
121.7,122,122,121.7,,11/17/23
0,122.7,0,0,,11/16/23
0,123.4,0,0,,11/15/23
0,124.45,0,0,,11/14/23
123.5,124.6,124.6,123,,11/13/23
0,124.7,0,0,,11/10/23
127,127,127,127,,11/09/23
123,123,123.5,122.5,,11/08/23
121,121,121.75,121,,11/07/23
124,121,124.5,121,,11/06/23
125.1,125.1,125.1,125.1,,11/03/23
123.5,124,124,123,,11/02/23
123.65,122.5,123.65,120,,11/01/23
123.75,122.65,124.5,122.65,,10/31/23
133.4,128.5,133.4,127.55,,10/30/23
0,130.05,0,0,,10/27/23
135.5,135.75,135.75,135.5,,10/26/23
135.5,135.5,135.5,135.5,,10/25/23
0,137.15,0,0,,10/24/23
0,137.25,0,0,,10/23/23
0,138,0,0,,10/20/23
137,137,137,137,,10/19/23
138.5,138.5,138.5,138.5,,10/18/23
140,140,140,140,,10/17/23
0,138.5,0,0,,10/16/23
135,135.75,136,135,,10/13/23
132.5,134.25,134.25,132.5,,10/12/23
130.5,130.5,130.5,130,,10/11/23
129,130.25,130.5,129,,10/10/23
126,126.5,127,126,,10/09/23
123,122.5,123.25,122.5,,10/06/23
118.75,120.5,120.5,118.75,,10/05/23
0,119.1,0,0,,10/04/23
123.5,121.8,123.5,121.8,,10/03/23
127.45,124.5,127.45,124.25,,10/02/23
0,128.05,0,0,,09/29/23
0,123,0,0,,09/28/23
0,123.15,0,0,,09/27/23
124,124,124,124,,09/26/23
0,122.55,0,0,,09/25/23
122.1,122.1,122.1,122.1,,09/22/23
0,122.25,0,0,,09/21/23
0,122.5,0,0,,09/20/23
0,122.5,0,0,,09/19/23
122,122,122,122,,09/18/23
0,122.25,0,0,,09/15/23
121,121,121,121,,09/14/23
0,120.85,0,0,,09/13/23
118.85,118.85,118.85,118.85,,09/12/23
0,117.2,0,0,,09/11/23
116.75,116.75,116.75,116.75,,09/08/23
116.5,116.5,116.5,116.5,,09/07/23
117.5,116.5,117.5,116.5,,09/06/23
115,116,116,115,,09/05/23
0,117.3,0,0,,09/04/23
117,117,117,117,,09/01/23
121,118.75,121,118.5,,08/31/23
122,122.5,122.5,121,,08/30/23
125,123,125,122.75,,08/29/23
0,124.5,0,0,,08/28/23
0,122.7,0,0,,08/25/23
0,118.15,0,0,,08/24/23
0,118.25,0,0,,08/23/23
119,119,119,119,,08/22/23
0,118.5,0,0,,08/21/23
0,116.75,0,0,,08/18/23
0,116,0,0,,08/17/23
116.25,116.05,116.25,116.05,,08/16/23
0,116.75,0,0,,08/15/23
115.2,115.2,115.2,115.2,,08/14/23
116.5,117,117,116.5,,08/11/23
115.85,115.75,115.85,115.75,,08/10/23
118,116,118,116,,08/09/23
114,115,115,114,,08/08/23
110,112.5,112.5,110,,08/07/23
108.9,108.9,108.9,108.9,,08/04/23
106.25,108,108,106,,08/03/23
104,104,104,104,,08/02/23
106.45,104,106.45,104,,08/01/23
105.1,105.5,105.5,105,,07/31/23
0,106.5,0,0,,07/28/23
111,111,111,111,,07/27/23
0,111.25,0,0,,07/26/23
0,111.15,0,0,,07/25/23
0,111.05,0,0,,07/24/23
0,110.5,0,0,,07/21/23
0,109.75,0,0,,07/20/23
108.25,108.25,108.25,108.25,,07/19/23
107.5,109,109,107.5,,07/18/23
103.5,104,104,103.5,,07/17/23
105,105,105,105,,07/14/23
104.5,103.8,104.5,103.8,,07/13/23
107,104,107,104,,07/12/23
108,105.75,108,105.75,,07/11/23
114,111,114,111,,07/10/23
0,116.35,0,0,,07/07/23
119.5,117.5,119.5,117.5,,07/06/23
124,123.75,124,123.3,,07/05/23
121,121.25,121.25,121,,07/04/23
123,122,123,120.5,,07/03/23
0,124.65,0,0,,06/30/23
0,114.9,0,0,,06/29/23
0,115,0,0,,06/28/23
0,115,0,0,,06/27/23
0,115,0,0,,06/26/23
114.75,115,115,114.75,,06/23/23
0,115.15,0,0,,06/22/23
0,116.75,0,0,,06/21/23
0,117.2,0,0,,06/20/23
113.6,113.6,113.6,113.6,,06/19/23
113.25,113.9,113.9,113.25,,06/16/23
118.4,118.4,118.4,118.4,,06/15/23
117.25,117,117.5,117,,06/14/23
117.5,117.5,117.5,117.5,,06/13/23
114.75,114.75,114.75,114.75,,06/12/23
113.5,113.5,113.5,113.5,,06/09/23
109.5,109.5,109.5,109.5,,06/08/23
108,110,110,108,,06/07/23
107.25,106,107.25,106,,06/06/23
104,112,112,103,,06/05/23
100,101.55,101.55,99,,06/02/23
92,94,94,92,,06/01/23
97,95,97,95,,05/31/23
97.6,93,97.6,91.75,,05/30/23
0,98.95,0,0,,05/29/23
0,98.95,0,0,,05/26/23
0,118.65,0,0,,05/25/23
0,118.4,0,0,,05/24/23
0,119,0,0,,05/23/23
119.75,119.75,119.75,119.75,,05/22/23
118,119,119,118,,05/19/23
0,116.9,0,0,,05/18/23
0,118.5,0,0,,05/17/23
118.35,117,118.35,117,,05/16/23
119,118.85,119,118,,05/15/23
120,119,120,119,,05/12/23
120,120,120,120,,05/11/23
123.5,123.75,123.75,123.5,,05/10/23
0,125,0,0,,05/09/23
0,127.15,0,0,,05/08/23
0,127.15,0,0,,05/05/23
126,125,127.5,125,,05/04/23
133,132.75,133,132.75,,05/03/23
136.25,136.25,136.25,136.25,,05/02/23
0,136.4,0,0,,05/01/23
0,136.4,0,0,,04/28/23
0,140,0,0,,04/27/23
0,140.15,0,0,,04/26/23
0,140,0,0,,04/25/23
0,138.75,0,0,,04/24/23
0,139.25,0,0,,04/21/23
138.5,138.5,138.5,138.5,,04/20/23
0,138,0,0,,04/19/23
0,137.05,0,0,,04/18/23
136.5,136.75,136.75,136.5,,04/17/23
136,136,136,136,,04/14/23
134.1,134.1,134.1,134.1,,04/13/23
133,134.25,134.25,133,,04/12/23
0,129.45,0,0,,04/11/23
0,135.1,0,0,,04/10/23
135,135,135,135,,04/06/23
150,145,150,144.85,,04/05/23
0,144.05,0,0,,04/04/23
147.5,148,149,147.5,,04/03/23
0,137.8,0,0,,03/31/23
0,137.9,0,0,,03/30/23
0,137.75,0,0,,03/29/23
137,137,137,137,,03/28/23
136,136,136,136,,03/27/23
0,135.15,0,0,,03/24/23
0,135.8,0,0,,03/23/23
139,135,139,135,,03/22/23
135,139,139,135,,03/21/23
134,136,136,134,,03/20/23
134,134,134,134,,03/17/23
137.25,138,138,137,,03/16/23
137,137,137,137,,03/15/23
137,138.5,138.5,135,,03/14/23
136,140,140.5,136,,03/13/23
130,132,132,129,,03/10/23
123,126,127,123,,03/09/23
123,124,124,123,,03/08/23
124,124,126,123,,03/07/23
131,126,131,126,,03/06/23
137,131,137,131,,03/03/23
143.5,143.25,143.5,143.25,,03/02/23
146.5,144,146.5,144,,03/01/23
151.9,144.5,151.9,144.5,,02/28/23
153,151,156,149,,02/27/23
0,157.1,0,0,,02/24/23
0,139,0,0,,02/23/23
136.5,136.5,136.5,136.5,,02/22/23
0,137,0,0,,02/21/23
0,136.5,0,0,,02/20/23
136.5,136.5,136.5,136.5,,02/17/23
136.5,137,137,136.5,,02/16/23
134.5,136.75,136.75,134.5,,02/15/23
134,134,134,134,,02/14/23
0,132,0,0,,02/13/23
129,131,131,129,,02/10/23
0,128,0,0,,02/09/23
0,129.65,0,0,,02/08/23
141,138.7,141,138.7,,02/07/23
138,139.5,139.5,138,,02/06/23
137,137,137,137,,02/03/23
137,136,137,136,,02/02/23
142.5,141.5,143,141.5,,02/01/23
142,132,143,132,,01/31/23
140,138,141.5,138,,01/30/23
166.5,166.5,166.5,166.5,,01/27/23
168,166,168,166,,01/26/23
169,166.25,169,165,,01/25/23
170,170,170,170,,01/24/23
172,172,172,172,,01/23/23
0,174.45,0,0,,01/20/23
174.5,174,174.5,173,,01/19/23
176,176,176,176,,01/18/23
167,172,172,167,,01/17/23
0,168,0,0,,01/16/23
0,169,0,0,,01/13/23
170,170,170,170,,01/12/23
165,165,165,165,,01/11/23
172,172,172.25,172,,01/10/23
0,172.6,0,0,,01/09/23
0,172.3,0,0,,01/06/23
0,177.75,0,0,,01/05/23
182,182,182,182,,01/04/23
187,185,189,185,,01/03/23
0,190.5,0,0,,01/02/23
0,190.5,0,0,,12/30/22
0,227.85,0,0,,12/29/22
0,227.35,0,0,,12/28/22
0,223.35,0,0,,12/27/22
0,228.7,0,0,,12/23/22
230,230,230,230,,12/22/22
228,228,228,228,,12/21/22
233.95,233.95,233.95,233.95,,12/20/22
0,230.5,0,0,,12/19/22
0,234.2,0,0,,12/16/22
0,240,0,0,,12/15/22
0,240.6,0,0,,12/14/22
0,247,0,0,,12/13/22
261,259,261,259,,12/12/22
258,260.5,261,252,,12/09/22
0,256.5,0,0,,12/08/22
0,263.3,0,0,,12/07/22
0,266.65,0,0,,12/06/22
0,262.25,0,0,,12/05/22
268,268,268,268,,12/02/22
269,265,281.5,265,,12/01/22
256,275,275,256,,11/30/22
256,260,260,256,,11/29/22
243,250,250,240.75,,11/28/22
0,241.45,0,0,,11/25/22
0,213.8,0,0,,11/24/22
0,213.9,0,0,,11/23/22
0,213,0,0,,11/22/22
0,216.2,0,0,,11/21/22
0,207.65,0,0,,11/18/22
0,202,0,0,,11/17/22
200,200,200,200,,11/16/22
200,203,203,200,,11/15/22
0,194,0,0,,11/14/22
0,190.55,0,0,,11/11/22
0,190.65,0,0,,11/10/22
0,188.8,0,0,,11/09/22
0,191.5,0,0,,11/08/22
210,205,210,205,,11/07/22
0,216,0,0,,11/04/22
220,220,220,220,,11/03/22
230,229,230,229,,11/02/22
222,229,229,222,,11/01/22
230,215,234,215,,10/31/22
0,239.95,0,0,,10/28/22
0,267.9,0,0,,10/27/22
0,269.1,0,0,,10/26/22
0,270.05,0,0,,10/25/22
0,269.55,0,0,,10/24/22
0,270,0,0,,10/21/22
270,270,270,270,,10/20/22
269,268,269,268,,10/19/22
267,267,267,263,,10/18/22
0,270.5,0,0,,10/17/22
277,277,277,277,,10/14/22
284,284,284,284,,10/13/22
274,280,282.5,274,,10/12/22
258.5,263,268,258.5,,10/11/22
263,263,263,263,,10/10/22
262,262,262,262,,10/07/22
288,272.5,288,272.5,,10/06/22
297.5,291,297.5,291,,10/05/22
308.35,303,308.35,302.15,,10/04/22
0,315.85,0,0,,10/03/22
328.75,328.75,328.75,328.75,,09/30/22
0,328.15,0,0,,09/29/22
0,328.15,0,0,,09/28/22
324.5,324.5,324.5,324.5,,09/27/22
327,324,327,324,,09/26/22
0,327,0,0,,09/23/22
322,322,322,322,,09/22/22
0,324.05,0,0,,09/21/22
0,323.65,0,0,,09/20/22
0,334.25,0,0,,09/19/22
334,331,334,331,,09/16/22
340,340,340,340,,09/15/22
340,340,340,340,,09/14/22
335,336,336,335,,09/13/22
329,330,330,329,,09/12/22
332,340,340,332,,09/09/22
355,350,355,341.5,,09/08/22
375,375,375,375,,09/07/22
390,380,390,380,,09/06/22
0,376,0,0,,09/02/22
370,370,370.75,367.5,,09/01/22
360,365,365,360,,08/31/22
362.5,355,367.55,355,,08/30/22
375,375,375,375,,08/29/22
369,369,369,369,,08/26/22
372,370,372,370,,08/25/22
0,371.25,0,0,,08/24/22
0,370,0,0,,08/23/22
382,382,382,382,,08/22/22
365,376,376,365,,08/19/22
361,365,365,361,,08/18/22
360,358,361,358,,08/17/22
360,358,360,358,,08/16/22
352,354,354,352,,08/15/22
348,350.25,350.25,348,,08/12/22
344,344,344,344,,08/11/22
0,342,0,0,,08/10/22
319,324,324,319,,08/09/22
325,325,325,325,,08/08/22
320,314,320,313,,08/05/22
345,327,345,326.9,,08/04/22
365,355,365,355,,08/03/22
367,367,367,364,,08/02/22
368.4,366,368.4,365,,08/01/22
0,372,0,0,,07/29/22
0,390.25,0,0,,07/28/22
0,387,0,0,,07/27/22
0,389.5,0,0,,07/26/22
386,386,386,386,,07/25/22
376,376,376,376,,07/22/22
377,377,377,377,,07/21/22
375,380,380,375,,07/20/22
370,368,375,368,,07/19/22
0,374,0,0,,07/18/22
0,385.05,0,0,,07/15/22
393.45,393.45,393.45,393.45,,07/14/22
0,395,0,0,,07/13/22
400,396,400,396,,07/12/22
0,390,0,0,,07/11/22
0,388.9,0,0,,07/08/22
384.6,385,387,384.6,,07/07/22
377,377,377,377,,07/06/22
385,380,385,380,,07/05/22
372,375,375,372,,07/04/22
374,367,374,367,,07/01/22
370,370,372,369,,06/30/22
370,365,372,364.5,,06/29/22
361.5,365,369,360,,06/28/22
375,372,375,370,,06/27/22
0,367.2,0,0,,06/24/22
350,350,350,350,,06/23/22
345,345,345,345,,06/22/22
0,345.5,0,0,,06/21/22
343,345,345,343,,06/20/22
333,335,335,333,,06/17/22
0,330.65,0,0,,06/16/22
326,329,330,326,,06/15/22
320,322,322,320,,06/14/22
0,317.15,0,0,,06/13/22
327.7,317.75,327.7,317.75,,06/10/22
330,323.5,335.5,323.5,,06/09/22
325,325,330,323,,06/08/22
330,330,330,330,,06/07/22
330,330,330,330,,06/06/22
0,327.15,0,0,,06/03/22
0,327.15,0,0,,06/02/22
321,323,326,321,,06/01/22
312,339,339,312,,05/31/22
302,304,304,302,,05/30/22
0,291,0,0,,05/27/22
0,330.6,0,0,,05/26/22
330,330,330,330,,05/25/22
331.5,331,331.5,331,,05/24/22
0,332.35,0,0,,05/23/22
331,336,336,331,,05/20/22
331,332,333,330,,05/19/22
331,332.5,332.5,331,,05/18/22
330,330,330,330,,05/17/22
323,323,323,323,,05/16/22
319,319,319,319,,05/13/22
329,335,335,329,,05/12/22
315,319,320,315,,05/11/22
308.5,313,314,308.5,,05/10/22
318,310.5,321,309,,05/09/22
317,317,322,317,,05/06/22
322,319,322,319,,05/05/22
300,310,310,300,,05/04/22
261,280,281,261,,05/03/22
0,259.8,0,0,,05/02/22
0,260,0,0,,04/29/22
0,322.85,0,0,,04/28/22
325.5,325.5,325.5,325.5,,04/27/22
325,324.75,325,324.75,,04/26/22
0,326,0,0,,04/25/22
327,327,327,327,,04/22/22
330,329,330,329,,04/21/22
324,329,330,324,,04/20/22
322,322,322.5,322,,04/19/22
0,322.55,0,0,,04/18/22
322,322,323,322,,04/14/22
320,322.25,322.25,320,,04/13/22
303,320,320,303,,04/12/22
300,303,303,300,,04/11/22
290,295,295,290,,04/08/22
290,290,290,290,,04/07/22
300,295,303,295,,04/06/22
274.8,295,295,274,,04/05/22
255,257,257,255,,04/04/22
272,272,272,272,,04/01/22
267,273,273,267,,03/31/22
270,277,280,270,,03/30/22
275,269,279,265,,03/29/22
270,270,275,270,,03/28/22
324,324,324,324,,03/25/22
326,324.75,326,324.75,,03/24/22
326,326,326.5,324.5,,03/23/22
320,324,324,318,,03/22/22
313,320,320,310,,03/21/22
0,324,0,0,,03/18/22
330,316,335,315,,03/17/22
325,310,325,310,,03/16/22
362,350,362,350,,03/15/22
362,362,362,362,,03/14/22
375,360.5,375,360,,03/11/22
390,365,390,365,,03/10/22
425,395,435,395,,03/09/22
425,425,425,425,,03/08/22
465,459,465,450,,03/07/22
400,437,440,400,,03/04/22
410,380,410,380,,03/03/22
350,435,435,350,,03/02/22
260,330,330,260,,03/01/22
235,253,261,230,,02/28/22
193,193,193,193,,02/25/22
190,191,191,190,,02/24/22
190,191,191,190,,02/23/22
187,187,189,186.9,,02/22/22
185,186,186,185,,02/21/22
0,184.1,0,0,,02/18/22
183.5,183.5,183.5,183.5,,02/17/22
185,183,185,183,,02/16/22
187,187,187,186,,02/15/22
194,194,194,194,,02/14/22
189,189,189,189,,02/11/22
189,189,189,189,,02/10/22
189,188,189,188,,02/09/22
186,187,187,185.5,,02/08/22
182,182,183.5,178,,02/07/22
179.5,183,183,179.5,,02/04/22
180,177.5,180,177.5,,02/03/22
178,177.5,178,175.5,,02/02/22
174,171.5,174,170,,02/01/22
178,176,178,173,,01/31/22
166,166.5,166.5,166,,01/28/22
0,165.95,0,0,,01/27/22
165.75,165.75,165.75,165.75,,01/26/22
165.5,164.5,165.5,164.5,,01/25/22
165,164.5,165.4,164.5,,01/24/22
160,162,165,160,,01/21/22
161,159,161,159,,01/20/22
161.25,161.25,161.25,161.25,,01/19/22
162.5,162,165,162,,01/18/22
155,156,158,155,,01/17/22
152,154,159,152,,01/14/22
143,148.9,148.9,143,,01/13/22
138,138,138,138,,01/12/22
140.05,136,140.05,136,,01/11/22
142.95,143,143,142.95,,01/10/22
147,139,147,139,,01/07/22
142.5,142.5,142.5,142.5,,01/06/22
134.65,136,136,134.5,,01/05/22
128,130,130,126,,01/04/22
120,120,120,120,,01/03/22